,instant,season,yr,mnth,holiday,weekday,workingday,weathersit,temp,atemp,hum,windspeed,casual,registered
208,209,3,0,7,0,4,1,1,0.779167,0.7399,0.583333,0.178479,606,3784
358,359,1,0,12,0,0,0,1,0.274783,0.279961,0.681304,0.155091,303,451
507,508,2,1,5,0,2,1,2,0.615,0.580825,0.765833,0.118167,819,5254
294,295,4,0,10,0,6,0,1,0.4225,0.425492,0.629167,0.0926667,1499,2809
704,705,4,1,12,0,3,1,1,0.438333,0.428012,0.485,0.324021,331,5398
53,54,1,0,2,0,3,1,1,0.221739,0.245717,0.423043,0.094113,139,1778
108,109,2,0,4,0,2,1,2,0.505833,0.489258,0.665833,0.157971,409,2795
716,717,4,1,12,0,1,1,2,0.393333,0.4015,0.907083,0.0982583,212,4373
622,623,3,1,9,0,5,1,1,0.633333,0.594083,0.6725,0.103863,1379,6630
184,185,3,0,7,1,1,0,2,0.726667,0.665417,0.637917,0.0814792,3065,2978
551,552,3,1,7,0,4,1,1,0.8275,0.761367,0.457917,0.194029,1405,4836
707,708,4,1,12,0,6,0,2,0.381667,0.389508,0.91125,0.101379,1153,4429
339,340,4,0,12,0,2,1,3,0.4625,0.4564,0.949583,0.232583,126,2468
496,497,2,1,5,0,5,1,1,0.533333,0.520833,0.360417,0.236937,1319,5711
154,155,2,0,6,0,6,0,1,0.635,0.594696,0.45625,0.123142,1869,3473
255,256,3,0,9,0,2,1,1,0.650833,0.603554,0.7125,0.141804,701,4062
315,316,4,0,11,0,6,0,1,0.356667,0.357942,0.552917,0.212062,1275,2792
308,309,4,0,11,0,6,0,1,0.326667,0.323854,0.519167,0.189062,1156,2770
487,488,2,1,5,0,3,1,1,0.564167,0.537896,0.797083,0.138058,667,5502
141,142,2,0,5,0,0,0,1,0.604167,0.5745,0.749583,0.148008,1576,3084
481,482,2,1,4,0,4,1,2,0.498333,0.483583,0.756667,0.176625,475,4551
554,555,3,1,7,0,0,0,1,0.8225,0.790396,0.57375,0.125629,1203,3469
725,726,1,1,12,0,3,1,3,0.243333,0.220333,0.823333,0.316546,9,432
603,604,3,1,8,0,0,0,2,0.653333,0.595996,0.845833,0.228858,1483,3772
477,478,2,1,4,0,0,0,3,0.396667,0.389504,0.835417,0.344546,120,907
102,103,2,0,4,0,3,1,2,0.4125,0.417283,0.819167,0.250617,209,1953
618,619,3,1,9,0,1,1,1,0.583333,0.565654,0.50375,0.258713,1118,6407
576,577,3,1,7,0,1,1,1,0.730833,0.684987,0.66875,0.153617,1040,6065
187,188,3,0,7,0,4,1,1,0.75,0.686871,0.65125,0.1592,754,3838
526,527,2,1,6,0,0,0,1,0.726667,0.663517,0.538333,0.133721,2224,4374
205,206,3,0,7,0,1,1,1,0.743333,0.720958,0.757083,0.0908083,568,3272
348,349,4,0,12,0,4,1,2,0.4225,0.412237,0.634167,0.268042,181,3528
708,709,4,1,12,0,0,0,2,0.384167,0.390146,0.905417,0.157975,441,2787
166,167,2,0,6,0,4,1,2,0.628333,0.595346,0.688333,0.206471,545,3222
516,517,2,1,5,0,4,1,1,0.68,0.631329,0.492917,0.195279,1100,6238
85,86,2,0,3,0,0,0,2,0.253043,0.250339,0.493913,0.1843,472,1221
696,697,4,1,11,0,2,1,2,0.291667,0.281558,0.786667,0.237562,123,3836
5,6,1,0,1,0,4,1,1,0.204348,0.233209,0.518261,0.0895652,88,1518
396,397,1,1,2,0,3,1,1,0.469167,0.466538,0.507917,0.189067,304,4275
455,456,2,1,3,0,6,0,2,0.424167,0.421708,0.738333,0.250617,2301,3934
474,475,2,1,4,0,4,1,1,0.498333,0.493046,0.6125,0.0659292,846,5719
377,378,1,1,1,0,5,1,1,0.274167,0.249362,0.5075,0.378108,174,3040
517,518,2,1,6,0,5,1,2,0.654167,0.607962,0.755417,0.237563,533,3594
267,268,4,0,9,0,0,0,2,0.634167,0.572637,0.845,0.0503792,1544,3466
625,626,3,1,9,0,1,1,2,0.580833,0.55305,0.734583,0.151742,1022,5847
46,47,1,0,2,0,3,1,1,0.318261,0.3162,0.423478,0.251791,218,1897
565,566,3,1,7,0,4,1,1,0.77,0.714642,0.600417,0.165429,888,5703
3,4,1,0,1,0,2,1,1,0.2,0.212122,0.590435,0.160296,108,1454
298,299,4,0,10,0,3,1,2,0.484167,0.472846,0.720417,0.148642,404,3490
217,218,3,0,8,0,6,0,2,0.716667,0.676154,0.755,0.22825,1521,2773
288,289,4,0,10,0,0,0,1,0.511667,0.503154,0.486667,0.281717,1748,3293
273,274,4,0,10,0,6,0,2,0.41,0.412863,0.75375,0.292296,480,1949
512,513,2,1,5,0,0,0,1,0.69,0.641425,0.697083,0.215171,3283,3308
646,647,4,1,10,1,1,0,2,0.383333,0.387608,0.709583,0.189679,874,4604
623,624,3,1,9,0,6,0,1,0.608333,0.585867,0.501667,0.247521,3160,5554
177,178,3,0,6,0,1,1,2,0.6825,0.637004,0.658333,0.107588,854,3854
702,703,4,1,12,0,1,1,1,0.4525,0.455796,0.7675,0.0827208,555,5679
382,383,1,1,1,0,3,1,1,0.303333,0.275254,0.443333,0.415429,109,3267
383,384,1,1,1,0,4,1,1,0.19,0.190038,0.4975,0.220158,130,3162
6,7,1,0,1,0,5,1,2,0.196522,0.208839,0.498696,0.168726,148,1362
728,729,1,1,12,0,6,0,2,0.253333,0.2424,0.752917,0.124383,159,1182
439,440,1,1,3,0,4,1,1,0.5575,0.532825,0.579583,0.149883,1005,5187
363,364,1,0,12,0,5,1,1,0.311667,0.318812,0.636667,0.134337,491,2508
435,436,1,1,3,0,0,0,1,0.361739,0.35967,0.476957,0.222587,1658,3253
182,183,3,0,7,0,6,0,1,0.738333,0.667308,0.444583,0.115062,2204,2915
26,27,1,0,1,0,4,1,1,0.195,0.2197,0.6875,0.113837,15,416
472,473,2,1,4,0,2,1,1,0.608333,0.598487,0.390417,0.273629,989,5702
505,506,2,1,5,0,0,0,1,0.620833,0.583967,0.530417,0.254367,2704,4425
694,695,4,1,11,0,0,0,1,0.245833,0.257583,0.468333,0.1505,309,2115
269,270,4,0,9,0,2,1,2,0.636667,0.574525,0.885417,0.118171,477,3643
204,205,3,0,7,0,0,0,1,0.83,0.794829,0.550833,0.169171,1050,2556
709,710,4,1,12,0,1,1,2,0.435833,0.435575,0.925,0.190308,329,4841
24,25,1,0,1,0,2,1,2,0.223478,0.234526,0.616957,0.129796,186,1799
282,283,4,0,10,1,1,0,1,0.570833,0.542925,0.73375,0.0423042,1514,3603
320,321,4,0,11,0,4,1,2,0.341667,0.323221,0.575833,0.305362,139,2914
511,512,2,1,5,0,6,0,1,0.6925,0.642696,0.7325,0.198992,2855,3681
96,97,2,0,4,0,4,1,1,0.4375,0.433696,0.602917,0.162312,571,2570
18,19,1,0,1,0,3,1,2,0.292174,0.298422,0.741739,0.208317,78,1572
366,367,1,1,1,1,1,0,1,0.273043,0.252304,0.381304,0.329665,244,1707
658,659,4,1,10,0,6,0,1,0.484167,0.472842,0.572917,0.117537,2806,5284
504,505,2,1,5,0,6,0,1,0.6,0.566908,0.45625,0.083975,3410,4884
34,35,1,0,2,0,5,1,2,0.211304,0.228587,0.585217,0.127839,88,1620
303,304,4,0,10,0,1,1,1,0.34,0.356063,0.703333,0.10635,362,3307
534,535,2,1,6,0,1,1,2,0.568333,0.544842,0.777917,0.174746,653,4446
271,272,4,0,9,0,4,1,1,0.616667,0.574512,0.699167,0.172883,653,4186
346,347,4,0,12,0,2,1,1,0.2825,0.301138,0.59,0.14055,155,3368
157,158,2,0,6,0,2,1,1,0.7075,0.65595,0.597917,0.187808,763,4070
638,639,4,1,9,0,0,0,1,0.526667,0.517663,0.583333,0.134958,2015,4874
224,225,3,0,8,0,6,0,2,0.685833,0.645858,0.729583,0.211454,1504,2646
318,319,4,0,11,0,2,1,2,0.53,0.507579,0.68875,0.199633,449,3746
110,111,2,0,4,0,4,1,1,0.459167,0.453892,0.407083,0.325258,745,3444
470,471,2,1,4,0,0,0,1,0.606667,0.573875,0.507917,0.225129,2846,4286
598,599,3,1,8,0,2,1,1,0.649167,0.601025,0.67375,0.0727708,1081,5925
274,275,4,0,10,0,0,0,2,0.356667,0.345317,0.791667,0.222013,616,2302
175,176,3,0,6,0,6,0,1,0.695,0.643313,0.483333,0.209571,1782,3420
222,223,3,0,8,0,4,1,1,0.7175,0.651521,0.42375,0.164796,812,3980
626,627,3,1,9,0,2,1,2,0.623333,0.565067,0.8725,0.357587,371,3702
630,631,3,1,9,0,6,0,1,0.65,0.610488,0.646667,0.283583,2512,5883
172,173,3,0,6,0,3,1,1,0.733333,0.693829,0.7075,0.172262,661,3846
438,439,1,1,3,0,3,1,1,0.5725,0.548617,0.507083,0.115062,997,5315
594,595,3,1,8,0,5,1,1,0.723333,0.2424,0.570833,0.231354,1483,5665
41,42,1,0,2,0,5,1,1,0.189091,0.213509,0.506364,0.10855,149,1597
462,463,2,1,4,0,6,0,1,0.4375,0.426129,0.254167,0.274871,3252,3605
408,409,1,1,2,0,1,1,1,0.2225,0.227913,0.41125,0.167283,94,3328
695,696,4,1,11,0,1,1,1,0.313333,0.339004,0.535417,0.04665,337,4750
121,122,2,0,5,0,1,1,2,0.549167,0.532833,0.73,0.183454,847,3554
168,169,2,0,6,0,6,0,1,0.696667,0.643954,0.670417,0.119408,1807,3312
720,721,1,1,12,0,5,1,2,0.326667,0.301767,0.556667,0.374383,221,3402
160,161,2,0,6,0,5,1,1,0.755,0.703292,0.605,0.140554,815,3771
107,108,2,0,4,0,1,1,1,0.5125,0.503146,0.5425,0.163567,669,2760
99,100,2,0,4,0,0,0,2,0.426667,0.426737,0.8575,0.146767,1188,1707
105,106,2,0,4,0,6,0,3,0.430833,0.425492,0.888333,0.340808,121,674
301,302,4,0,10,0,6,0,3,0.254167,0.227913,0.8825,0.351371,57,570
393,394,1,1,1,0,0,0,1,0.2825,0.272721,0.31125,0.24005,558,2685
532,533,2,1,6,0,6,0,1,0.631667,0.594708,0.504167,0.166667,2963,4739
444,445,1,1,3,0,2,1,1,0.560833,0.538533,0.807917,0.121271,1051,5042
67,68,1,0,3,0,3,1,2,0.295833,0.286608,0.775417,0.22015,191,1700
701,702,4,1,12,0,0,0,2,0.3475,0.359208,0.823333,0.124379,892,3757
136,137,2,0,5,0,2,1,2,0.561667,0.538529,0.837917,0.277354,678,3445
292,293,4,0,10,0,4,1,1,0.475833,0.466525,0.63625,0.422275,471,3724
316,317,4,0,11,0,0,0,1,0.440833,0.43055,0.458333,0.281721,1004,2713
648,649,4,1,10,0,3,1,1,0.514167,0.503142,0.630833,0.187821,780,6911
724,725,1,1,12,1,2,0,2,0.291304,0.294465,0.734783,0.168726,440,573
698,699,4,1,11,0,4,1,1,0.28087,0.298422,0.555652,0.115522,243,5080
61,62,1,0,3,0,4,1,1,0.198333,0.200133,0.318333,0.225754,123,1562
343,344,4,0,12,0,6,0,1,0.275,0.266412,0.5075,0.233221,502,2688
406,407,1,1,2,0,6,0,3,0.224167,0.210867,0.73125,0.289796,192,1977
260,261,3,0,9,0,0,0,1,0.5075,0.490537,0.695,0.178483,1353,2921
608,609,3,1,8,0,5,1,1,0.764167,0.6894,0.5875,0.168533,1433,5917
151,152,2,0,6,0,3,1,2,0.764167,0.720967,0.677083,0.207092,513,3461
252,253,3,0,9,0,6,0,1,0.66,0.607962,0.75375,0.153608,1750,3595
679,680,4,1,11,0,6,0,1,0.389167,0.393937,0.645417,0.0578458,2090,4446
405,406,1,1,2,0,5,1,2,0.280833,0.293558,0.54,0.116929,227,3604
180,181,3,0,6,0,4,1,1,0.696667,0.637008,0.434167,0.185312,1027,4488
424,425,1,1,2,0,3,1,2,0.344348,0.34847,0.804783,0.179117,65,1769
25,26,1,0,1,0,3,1,3,0.2175,0.2036,0.8625,0.29385,34,472
649,650,4,1,10,0,4,1,1,0.435,0.431167,0.463333,0.181596,834,6736
619,620,3,1,9,0,2,1,1,0.5775,0.554292,0.52,0.0920542,1070,6697
272,273,4,0,9,0,5,1,1,0.564167,0.544829,0.6475,0.206475,830,4372
276,277,4,0,10,0,2,1,1,0.484167,0.472858,0.71,0.205854,486,3970
494,495,2,1,5,0,3,1,2,0.575,0.553025,0.744167,0.216412,620,4097
378,379,1,1,1,0,6,0,1,0.18,0.183087,0.4575,0.187183,333,2160
1,2,1,0,1,0,0,0,2,0.363478,0.353739,0.696087,0.248539,131,670
100,101,2,0,4,0,1,1,2,0.595652,0.565217,0.716956,0.324474,855,2493
498,499,2,1,5,0,0,0,1,0.6125,0.585238,0.57625,0.225117,2172,3946
491,492,2,1,5,0,0,0,2,0.5625,0.546737,0.74,0.149879,2135,4224
52,53,1,0,2,0,2,1,1,0.182222,0.186033,0.577778,0.195683,74,1376
176,177,3,0,6,0,0,0,1,0.68,0.637629,0.513333,0.0945333,1920,3385
194,195,3,0,7,0,4,1,1,0.680833,0.635104,0.47625,0.240667,888,4196
278,279,4,0,10,0,4,1,1,0.494167,0.480425,0.620833,0.134954,639,4126
122,123,2,0,5,0,2,1,2,0.616667,0.582079,0.697083,0.342667,603,3848
14,15,1,0,1,0,6,0,2,0.233333,0.248112,0.49875,0.157963,222,1026
432,433,1,1,3,0,4,1,1,0.5275,0.524604,0.5675,0.441563,486,4896
426,427,1,1,3,0,5,1,2,0.353333,0.359842,0.657083,0.144904,246,2948
621,622,3,1,9,0,4,1,1,0.6125,0.579558,0.637083,0.0827208,1054,6750
391,392,1,1,1,0,5,1,2,0.425,0.415383,0.74125,0.342667,269,3187
98,99,2,0,4,0,6,0,2,0.3425,0.341529,0.8775,0.133083,879,1576
36,37,1,0,2,0,0,0,1,0.285833,0.291671,0.568333,0.1418,354,1269
28,29,1,0,1,0,6,0,1,0.196522,0.212126,0.651739,0.145365,123,975
146,147,2,0,5,0,5,1,1,0.681667,0.637008,0.65375,0.240679,871,3808
684,685,4,1,11,0,4,1,2,0.321667,0.324492,0.620417,0.152987,320,5125
577,578,3,1,7,0,2,1,1,0.713333,0.662896,0.704167,0.165425,968,6248
413,414,1,1,2,0,6,0,1,0.346667,0.355425,0.534583,0.190929,1435,2883
15,16,1,0,1,0,0,0,1,0.231667,0.234217,0.48375,0.188433,251,953
460,461,2,1,4,0,4,1,1,0.435,0.431163,0.374167,0.219529,1192,5265
183,184,3,0,7,0,0,0,2,0.716667,0.668575,0.6825,0.228858,2282,2367
4,5,1,0,1,0,3,1,1,0.226957,0.22927,0.436957,0.1869,82,1518
634,635,4,1,9,0,3,1,1,0.635,0.596613,0.630833,0.2444,787,6946
631,632,4,1,9,0,0,0,1,0.529167,0.518933,0.467083,0.223258,2454,5453
570,571,3,1,7,0,2,1,1,0.750833,0.70645,0.655,0.211454,1140,6452
152,153,2,0,6,0,4,1,1,0.715,0.643942,0.305,0.292287,736,4232
564,565,3,1,7,0,3,1,1,0.793333,0.745583,0.577083,0.137442,799,4914
251,252,3,0,9,0,5,1,2,0.65,0.578946,0.897917,0.124379,417,3127
253,254,3,0,9,0,0,0,1,0.653333,0.609229,0.71375,0.115054,1633,3413
688,689,4,1,11,0,1,1,2,0.380833,0.375621,0.623333,0.235067,449,5050
93,94,2,0,4,0,1,1,1,0.573333,0.542929,0.42625,0.385571,734,2381
671,672,4,1,11,0,5,1,1,0.355,0.356042,0.522083,0.266175,618,5229
370,371,1,1,1,0,5,1,1,0.334167,0.340267,0.542083,0.167908,307,3791
386,387,1,1,1,0,0,0,2,0.1625,0.16225,0.79625,0.199638,196,1781
518,519,2,1,6,0,6,0,1,0.583333,0.566288,0.549167,0.186562,2795,5325
178,179,3,0,6,0,2,1,1,0.744167,0.692558,0.634167,0.144283,732,3916
403,404,1,1,2,0,3,1,2,0.256667,0.266421,0.722917,0.133721,109,2693
458,459,2,1,4,0,2,1,1,0.466667,0.461483,0.396667,0.100133,1348,5424
94,95,2,0,4,0,2,1,2,0.414167,0.39835,0.642083,0.388067,167,1628
459,460,2,1,4,0,3,1,1,0.541667,0.53345,0.469583,0.180975,1058,5378
229,230,3,0,8,0,4,1,1,0.711667,0.662258,0.654583,0.233208,639,3166
277,278,4,0,10,0,3,1,1,0.538333,0.527138,0.647917,0.17725,559,4267
537,538,3,1,6,0,4,1,1,0.805833,0.752542,0.567917,0.118787,778,5127
337,338,4,0,12,0,0,0,1,0.330833,0.3491,0.775833,0.0839583,634,2851
637,638,4,1,9,0,6,0,1,0.5425,0.530296,0.542917,0.227604,2589,5966
112,113,2,0,4,0,6,0,2,0.46,0.450121,0.887917,0.230725,1462,2574
127,128,2,0,5,0,0,0,1,0.528333,0.518933,0.631667,0.0746375,1401,2932
627,628,3,1,9,0,3,1,1,0.5525,0.540404,0.536667,0.215175,788,6803
295,296,4,0,10,0,0,0,1,0.421667,0.422333,0.74125,0.0995125,1619,2762
329,330,4,0,11,0,6,0,1,0.375833,0.385087,0.681667,0.0684208,1249,1819
561,562,3,1,7,0,0,0,1,0.745833,0.705196,0.717917,0.166667,1920,4111
153,154,2,0,6,0,5,1,1,0.62,0.587133,0.354167,0.253121,898,4414
219,220,3,0,8,0,1,1,1,0.765,0.703283,0.592083,0.192175,846,3480
193,194,3,0,7,0,3,1,1,0.746667,0.689404,0.631667,0.146133,748,3594
710,711,4,1,12,0,2,1,2,0.353333,0.338363,0.596667,0.296037,282,5219
324,325,4,0,11,0,1,1,3,0.4475,0.445062,0.91,0.138054,220,2545
681,682,4,1,11,1,1,0,1,0.485,0.475383,0.741667,0.173517,1097,5172
677,678,4,1,11,0,4,1,1,0.352174,0.341891,0.333478,0.347835,340,4975
284,285,4,0,10,0,3,1,3,0.543333,0.517717,0.90625,0.24815,217,2199
126,127,2,0,5,0,6,0,1,0.52,0.512621,0.54125,0.16045,1612,3102
139,140,2,0,5,0,5,1,1,0.536667,0.529042,0.719583,0.125013,909,4008
590,591,3,1,8,0,1,1,1,0.720833,0.662254,0.545417,0.136212,1207,5676
309,310,4,0,11,0,0,0,1,0.348333,0.362358,0.734583,0.0920542,952,2697
706,707,4,1,12,0,5,1,2,0.320833,0.321958,0.764167,0.1306,349,4659
263,264,3,0,9,0,3,1,2,0.595,0.550533,0.9,0.0964042,539,3813
392,393,1,1,1,0,6,0,1,0.315833,0.326379,0.543333,0.210829,775,3248
582,583,3,1,8,0,0,0,1,0.769167,0.731079,0.6525,0.290421,1707,3757
307,308,4,0,11,0,5,1,2,0.403333,0.403392,0.6225,0.271779,470,3576
395,396,1,1,1,0,2,1,1,0.39,0.381317,0.416667,0.261817,324,4185
162,163,2,0,6,0,0,0,1,0.6925,0.643325,0.747917,0.163567,1467,2993
359,360,1,0,12,1,1,0,1,0.321739,0.315535,0.506957,0.239465,430,887
575,576,3,1,7,0,0,0,1,0.721667,0.667933,0.62375,0.170396,2153,4444
156,157,2,0,6,0,1,1,1,0.678333,0.621858,0.6,0.121896,673,3875
651,652,4,1,10,0,6,0,1,0.393333,0.391396,0.494583,0.146142,2252,4857
202,203,3,0,7,0,5,1,1,0.848333,0.840896,0.580417,0.1331,562,2825
389,390,1,1,1,0,3,1,1,0.294167,0.294821,0.64375,0.161071,467,3803
488,489,2,1,5,0,4,1,2,0.56,0.537242,0.768333,0.133696,764,5657
529,530,2,1,6,0,3,1,1,0.655833,0.611117,0.582083,0.343279,1173,6248
415,416,1,1,2,1,1,0,1,0.28,0.273391,0.507826,0.229083,502,2627
593,594,3,1,8,0,4,1,1,0.719167,0.654688,0.519167,0.141796,1338,6267
604,605,3,1,8,0,1,1,1,0.703333,0.654688,0.730417,0.128733,989,5928
213,214,3,0,8,0,2,1,1,0.783333,0.707071,0.49125,0.20585,801,4044
440,441,1,1,3,0,5,1,2,0.435833,0.436229,0.842083,0.113192,548,3830
9,10,1,0,1,0,1,1,1,0.150833,0.150888,0.482917,0.223267,41,1280
345,346,4,0,12,0,1,1,1,0.238333,0.270196,0.670833,0.06345,143,3167
548,549,3,1,7,0,1,1,1,0.781667,0.702038,0.447083,0.195267,904,5323
596,597,3,1,8,0,0,0,2,0.635833,0.603554,0.711667,0.08645,1208,3341
40,41,1,0,2,0,4,1,1,0.144348,0.149548,0.437391,0.221935,47,1491
463,464,2,1,4,0,0,0,1,0.5,0.492425,0.275833,0.232596,2230,2939
546,547,3,1,6,0,6,0,1,0.765,0.687508,0.60125,0.161071,1455,4232
242,243,3,0,8,0,3,1,1,0.656667,0.611121,0.597917,0.0833333,688,4370
437,438,1,1,3,0,2,1,1,0.565,0.542929,0.6175,0.23695,762,5085
418,419,1,1,2,0,4,1,1,0.454167,0.444446,0.554583,0.190913,516,4546
524,525,2,1,6,0,5,1,1,0.649167,0.597862,0.467917,0.175383,1488,6248
129,130,2,0,5,0,2,1,1,0.5325,0.522721,0.489167,0.115671,694,4109
453,454,2,1,3,0,4,1,1,0.494167,0.482304,0.439167,0.31965,834,5299
660,661,4,1,10,0,1,1,1,0.4875,0.482942,0.568333,0.0814833,830,6228
714,715,4,1,12,0,6,0,1,0.324167,0.338383,0.650417,0.10635,767,4280
159,160,2,0,6,0,4,1,2,0.808333,0.757579,0.568333,0.149883,563,3352
347,348,4,0,12,0,3,1,2,0.3175,0.338362,0.66375,0.0609583,178,3562
579,580,3,1,8,0,4,1,1,0.7525,0.707088,0.659583,0.129354,983,6278
500,501,2,1,5,0,2,1,2,0.611667,0.576404,0.794583,0.147392,625,4490
68,69,1,0,3,0,4,1,3,0.389091,0.385668,0.0,0.261877,46,577
32,33,1,0,2,0,3,1,2,0.26,0.254417,0.775417,0.264308,72,1454
558,559,3,1,7,0,4,1,1,0.715833,0.654683,0.529583,0.146775,1032,6414
620,621,3,1,9,0,3,1,1,0.599167,0.570075,0.577083,0.131846,1050,6820
509,510,2,1,5,0,4,1,1,0.655,0.6067,0.716667,0.172896,1059,5711
722,723,1,1,12,0,0,0,1,0.245833,0.259471,0.515417,0.133083,408,1379
628,629,3,1,9,0,4,1,1,0.546667,0.532192,0.618333,0.118167,939,6781
610,611,3,1,9,0,0,0,2,0.696667,0.649,0.815,0.0640708,2613,3197
530,531,2,1,6,0,4,1,1,0.648333,0.624383,0.569583,0.253733,1180,6183
214,215,3,0,8,0,3,1,2,0.731667,0.679937,0.6575,0.135583,467,3107
190,191,3,0,7,0,0,0,1,0.7475,0.690025,0.578333,0.183471,1743,3138
38,39,1,0,2,0,2,1,1,0.220833,0.198246,0.537917,0.36195,64,1466
665,666,4,1,10,0,6,0,2,0.53,0.515133,0.72,0.235692,2643,5209
428,429,1,1,3,0,0,0,1,0.325833,0.303021,0.403333,0.334571,710,2713
553,554,3,1,7,0,6,0,1,0.861667,0.804913,0.492083,0.163554,1448,3392
147,148,2,0,5,0,6,0,1,0.655833,0.612379,0.729583,0.230092,2001,2757
186,187,3,0,7,0,3,1,1,0.72,0.685633,0.743333,0.149883,784,3845
312,313,4,0,11,0,3,1,1,0.4,0.409079,0.758333,0.0621958,305,3804
560,561,3,1,7,0,6,0,2,0.703333,0.666042,0.699167,0.143679,2355,4614
556,557,3,1,7,0,2,1,2,0.720833,0.664796,0.6675,0.151737,954,5336
119,120,2,0,4,0,6,0,1,0.4725,0.464021,0.503333,0.235075,1965,3347
281,282,4,0,10,0,0,0,1,0.540833,0.523983,0.7275,0.06345,2397,3114
466,467,2,1,4,0,3,1,1,0.348696,0.337274,0.469565,0.295274,482,4380
672,673,4,1,11,0,6,0,2,0.343333,0.323846,0.49125,0.270529,1029,4109
484,485,2,1,4,0,0,0,1,0.458333,0.450121,0.587083,0.116908,2229,4075
531,532,2,1,6,0,5,1,1,0.639167,0.599754,0.589583,0.176617,1563,6102
167,168,2,0,6,0,5,1,1,0.649167,0.600383,0.735833,0.143029,863,3981
138,139,2,0,5,0,4,1,2,0.530833,0.510742,0.829583,0.108213,735,3840
384,385,1,1,1,0,5,1,2,0.2175,0.220958,0.45,0.20275,115,3048
483,484,2,1,4,0,6,0,2,0.376667,0.377504,0.489583,0.129975,1120,3100
642,643,4,1,10,0,4,1,2,0.6575,0.607975,0.722917,0.117546,891,6437
411,412,1,1,2,0,4,1,2,0.316667,0.330162,0.752917,0.091425,74,2931
116,117,2,0,4,0,3,1,2,0.62,0.575142,0.835417,0.3122,547,3325
450,451,2,1,3,0,1,1,1,0.445833,0.43875,0.477917,0.386821,795,4763
613,614,3,1,9,0,3,1,1,0.736667,0.708983,0.74125,0.187808,832,6280
114,115,2,0,4,0,1,1,1,0.606667,0.5745,0.776667,0.185333,773,3300
287,288,4,0,10,0,6,0,1,0.506667,0.498725,0.483333,0.258083,1899,3318
261,262,3,0,9,0,1,1,2,0.549167,0.529675,0.69,0.151742,691,3848
58,59,1,0,2,0,1,1,2,0.407273,0.400118,0.876364,0.289686,81,1365
125,126,2,0,5,0,5,1,1,0.479167,0.474117,0.59,0.228246,894,3714
145,146,2,0,5,0,4,1,1,0.708333,0.654688,0.6775,0.199642,758,3919
585,586,3,1,8,0,3,1,2,0.75,0.707717,0.672917,0.1107,1263,6271
464,465,2,1,4,0,1,1,1,0.489167,0.476638,0.3175,0.358196,905,4680
228,229,3,0,8,0,3,1,1,0.723333,0.666671,0.575417,0.143667,668,4026
422,423,1,1,2,0,1,1,1,0.366667,0.357954,0.490833,0.268033,253,4069
485,486,2,1,4,0,1,1,2,0.464167,0.457696,0.57,0.171638,665,4907
540,541,3,1,6,0,0,0,1,0.743333,0.674254,0.479167,0.145525,2551,4340
230,231,3,0,8,0,5,1,2,0.685,0.633221,0.722917,0.139308,797,3356
19,20,1,0,1,0,4,1,2,0.261667,0.25505,0.538333,0.195904,83,1844
241,242,3,0,8,0,2,1,1,0.639167,0.594704,0.548333,0.125008,775,4429
670,671,4,1,11,0,4,1,2,0.365833,0.369942,0.581667,0.157346,466,5520
29,30,1,0,1,0,0,0,1,0.216522,0.250322,0.722174,0.0739826,140,956
519,520,2,1,6,0,0,0,1,0.6025,0.575133,0.493333,0.184087,2494,5147
471,472,2,1,4,1,1,0,1,0.664167,0.614925,0.561667,0.284829,1198,5172
687,688,4,1,11,0,0,0,1,0.3425,0.337746,0.692917,0.227612,922,3747
379,380,1,1,1,0,0,0,1,0.166667,0.161625,0.419167,0.251258,284,2027
486,487,2,1,5,0,2,1,2,0.613333,0.577021,0.659583,0.156096,653,5087
476,477,2,1,4,0,6,0,1,0.57,0.542921,0.682917,0.283587,2541,4083
689,690,4,1,11,0,2,1,2,0.374167,0.380667,0.685,0.082725,534,5100
713,714,4,1,12,0,5,1,1,0.281667,0.294192,0.642917,0.131229,429,5182
387,388,1,1,1,0,1,1,2,0.218333,0.243058,0.91125,0.110708,145,2287
588,589,3,1,8,0,6,0,2,0.6925,0.638267,0.732917,0.206479,2247,4052
400,401,1,1,2,0,0,0,2,0.265833,0.264521,0.687917,0.175996,318,2629
501,502,2,1,5,0,3,1,1,0.636667,0.595975,0.697917,0.122512,991,6433
609,610,3,1,9,0,6,0,2,0.753333,0.702654,0.638333,0.113187,2352,3788
246,247,3,0,9,0,0,0,1,0.709167,0.665429,0.742083,0.206467,2521,2419
322,323,4,0,11,0,6,0,1,0.329167,0.324483,0.502083,0.224496,943,2720
142,143,2,0,5,0,1,1,2,0.631667,0.590296,0.81,0.233842,836,3438
543,544,3,1,6,0,3,1,1,0.6975,0.640792,0.36,0.271775,1077,6258
721,722,1,1,12,0,6,0,1,0.265833,0.236113,0.44125,0.407346,205,1544
510,511,2,1,5,0,5,1,1,0.68,0.627529,0.747083,0.14055,1417,5317
80,81,2,0,3,0,2,1,1,0.441667,0.440642,0.624583,0.22575,460,2243
693,694,4,1,11,0,6,0,1,0.278333,0.248742,0.404583,0.376871,532,1745
409,410,1,1,2,0,2,1,2,0.319167,0.333946,0.50875,0.141179,135,3787
12,13,1,0,1,0,4,1,1,0.165,0.150883,0.470417,0.301,38,1368
170,171,2,0,6,0,1,1,2,0.635,0.595346,0.74625,0.155475,699,3311
600,601,3,1,8,0,4,1,1,0.695833,0.637008,0.635833,0.0845958,1363,6402
662,663,4,1,10,0,3,1,1,0.5875,0.558721,0.63625,0.0727792,795,6898
506,507,2,1,5,0,1,1,2,0.598333,0.565667,0.81125,0.233204,630,3729
349,350,4,0,12,0,5,1,2,0.375,0.359825,0.500417,0.260575,178,3399
547,548,3,1,7,0,0,0,1,0.815833,0.750629,0.51875,0.168529,1421,4110
586,587,3,1,8,0,4,1,1,0.755833,0.699508,0.620417,0.1561,1196,6090
353,354,4,0,12,0,2,1,2,0.385833,0.396454,0.595417,0.0615708,216,3534
664,665,4,1,10,0,5,1,2,0.545833,0.52275,0.807083,0.132467,1182,6262
584,585,3,1,8,0,2,1,2,0.735833,0.697621,0.70375,0.116908,1278,5995
83,84,2,0,3,0,5,1,1,0.264167,0.256312,0.495,0.230725,300,1910
82,83,2,0,3,0,4,1,2,0.285,0.270833,0.805833,0.243787,166,1699
635,636,4,1,9,0,4,1,2,0.65,0.607975,0.690833,0.134342,751,6642
669,670,4,1,10,0,3,1,2,0.3575,0.3611,0.666667,0.166667,419,5147
365,366,1,1,1,0,0,0,1,0.37,0.375621,0.6925,0.192167,686,1608
304,305,4,0,11,0,2,1,1,0.400833,0.397088,0.68375,0.135571,410,3658
715,716,4,1,12,0,0,0,2,0.3625,0.369938,0.83875,0.100742,538,3248
433,434,1,1,3,0,5,1,2,0.410833,0.397083,0.407083,0.4148,447,4122
21,22,1,0,1,0,6,0,1,0.0591304,0.0790696,0.4,0.17197,93,888
544,545,3,1,6,0,4,1,1,0.749167,0.675512,0.4225,0.17165,921,5958
645,646,4,1,10,0,0,0,2,0.415833,0.419813,0.708333,0.141162,781,2729
535,536,2,1,6,0,2,1,1,0.688333,0.654692,0.69,0.148017,968,5857
285,286,4,0,10,0,4,1,2,0.589167,0.551804,0.896667,0.141787,290,2623
373,374,1,1,1,0,1,1,2,0.224167,0.247479,0.701667,0.0989,106,2270
238,239,3,0,8,0,6,0,2,0.68,0.635556,0.85,0.375617,226,889
293,294,4,0,10,0,5,1,1,0.4275,0.423596,0.574167,0.221396,676,3628
13,14,1,0,1,0,5,1,1,0.16087,0.188413,0.537826,0.126548,54,1367
447,448,2,1,3,0,5,1,2,0.601667,0.570067,0.694167,0.1163,2469,5893
549,550,3,1,7,0,2,1,1,0.780833,0.70265,0.492083,0.126237,1052,5608
502,503,2,1,5,0,4,1,1,0.593333,0.572613,0.52,0.229475,1242,6142
416,417,1,1,2,0,2,1,1,0.287826,0.295113,0.594348,0.205717,163,3614
130,131,2,0,5,0,3,1,1,0.5425,0.5284,0.632917,0.120642,550,3632
381,382,1,1,1,0,2,1,2,0.373043,0.364278,0.716087,0.34913,127,2808
663,664,4,1,10,0,4,1,2,0.55,0.529688,0.800417,0.124375,875,6484
323,324,4,0,11,0,0,0,2,0.463333,0.457058,0.684583,0.18595,787,2733
521,522,2,1,6,0,2,1,2,0.540833,0.525892,0.613333,0.209575,968,6033
115,116,2,0,4,0,2,1,1,0.631667,0.594083,0.729167,0.3265,678,3722
209,210,3,0,7,0,5,1,1,0.838333,0.785967,0.5425,0.174138,670,3176
237,238,3,0,8,0,5,1,1,0.7,0.659733,0.76125,0.0839625,768,3893
132,133,2,0,5,0,5,1,2,0.5125,0.4943,0.863333,0.179725,692,3413
88,89,2,0,3,0,3,1,2,0.3,0.29735,0.646667,0.172888,168,1368
367,368,1,1,1,0,2,1,1,0.15,0.126275,0.44125,0.365671,89,2147
64,65,1,0,3,0,0,0,2,0.376522,0.366252,0.948261,0.343287,114,491
676,677,4,1,11,0,3,1,2,0.295833,0.274621,0.5475,0.304108,326,4709
195,196,3,0,7,0,5,1,1,0.663333,0.624371,0.59125,0.182833,1318,4220
673,674,4,1,11,0,0,0,1,0.325833,0.329538,0.532917,0.179108,1201,3906
231,232,3,0,8,0,6,0,1,0.6975,0.648996,0.674167,0.104467,1914,3277
583,584,3,1,8,0,1,1,2,0.7525,0.710246,0.654167,0.129354,1233,5780
50,51,1,0,2,0,0,0,1,0.285217,0.27733,0.407826,0.223235,639,1173
280,281,4,0,10,0,6,0,1,0.521667,0.513242,0.70125,0.0454042,2235,3174
397,398,1,1,2,0,4,1,2,0.399167,0.398971,0.672917,0.187187,190,3571
574,575,3,1,7,0,6,0,1,0.755833,0.697604,0.613333,0.15735,2234,4451
270,271,4,0,9,0,3,1,2,0.635,0.575158,0.84875,0.148629,480,3427
644,645,4,1,10,0,6,0,1,0.554167,0.538521,0.664167,0.268025,3031,4934
571,572,3,1,7,0,3,1,1,0.724167,0.654054,0.45,0.1648,1383,6790
289,290,4,0,10,0,1,1,1,0.534167,0.510725,0.579583,0.175379,713,3857
402,403,1,1,2,0,2,1,1,0.354167,0.361104,0.49625,0.147379,199,4176
27,28,1,0,1,0,5,1,2,0.203478,0.223317,0.793043,0.1233,38,1129
42,43,1,0,2,0,6,0,1,0.2225,0.232954,0.544167,0.203367,288,1184
197,198,3,0,7,0,0,0,1,0.719167,0.669833,0.604167,0.245033,2006,3296
250,251,3,0,9,0,4,1,3,0.633913,0.555361,0.939565,0.192748,153,1689
562,563,3,1,7,0,1,1,1,0.763333,0.724125,0.645,0.164187,1088,5742
390,391,1,1,1,0,4,1,2,0.341667,0.35605,0.769583,0.0733958,244,3831
124,125,2,0,5,0,4,1,1,0.459167,0.441917,0.444167,0.295392,614,3819
522,523,2,1,6,0,3,1,1,0.554167,0.542292,0.61125,0.077125,1027,6028
201,202,3,0,7,0,4,1,2,0.815,0.826371,0.69125,0.222021,632,3152
376,377,1,1,1,0,4,1,2,0.3825,0.381938,0.802917,0.180967,269,3828
240,241,3,0,8,0,1,1,1,0.636667,0.607958,0.554583,0.159825,729,3905
552,553,3,1,7,0,5,1,1,0.828333,0.752533,0.450833,0.146142,1366,4841
7,8,1,0,1,0,6,0,2,0.165,0.162254,0.535833,0.266804,68,891
421,422,1,1,2,0,0,0,1,0.279167,0.268308,0.41,0.205229,515,2874
407,408,1,1,2,0,0,0,1,0.1275,0.101658,0.464583,0.409212,73,1456
341,342,4,0,12,0,4,1,1,0.265833,0.256938,0.58,0.240058,150,3172
482,483,2,1,4,0,5,1,1,0.4575,0.452637,0.400833,0.347633,1014,5219
705,706,4,1,12,0,4,1,1,0.255833,0.258204,0.50875,0.174754,340,5035
143,144,2,0,5,0,2,1,2,0.66,0.604813,0.740833,0.207092,659,3833
45,46,1,0,2,0,2,1,1,0.266087,0.254274,0.314348,0.291374,140,1675
636,637,4,1,9,0,5,1,2,0.619167,0.585863,0.69,0.164179,1045,6370
700,701,4,1,12,0,6,0,2,0.298333,0.316904,0.806667,0.0597042,951,4240
592,593,3,1,8,0,3,1,1,0.706667,0.654037,0.619583,0.169771,1198,6149
372,373,1,1,1,0,0,0,1,0.3375,0.340258,0.465,0.191542,599,2826
461,462,2,1,4,0,5,1,1,0.403333,0.390767,0.377083,0.300388,1807,4653
113,114,2,0,4,0,0,0,2,0.581667,0.551763,0.810833,0.192175,1710,2481
611,612,3,1,9,1,1,0,1,0.7075,0.661629,0.790833,0.151121,1965,4069
134,135,2,0,5,0,0,0,2,0.5625,0.536,0.867083,0.152979,1582,2971
555,556,3,1,7,0,1,1,2,0.710833,0.654054,0.683333,0.180975,998,5571
248,249,3,0,9,0,2,1,3,0.54,0.5152,0.886957,0.343943,204,2506
200,201,3,0,7,0,3,1,1,0.768333,0.74685,0.707083,0.113817,644,3688
17,18,1,0,1,0,2,1,2,0.216667,0.232333,0.861667,0.146775,9,674
333,334,4,0,11,0,3,1,1,0.325,0.311221,0.613333,0.271158,188,3425
497,498,2,1,5,0,6,0,1,0.564167,0.544817,0.480417,0.123133,2622,4807
206,207,3,0,7,0,2,1,1,0.771667,0.696979,0.540833,0.200258,750,3840
599,600,3,1,8,0,3,1,1,0.6675,0.621854,0.677083,0.0702833,1094,6281
171,172,3,0,6,0,2,1,2,0.680833,0.637646,0.770417,0.171025,774,4061
59,60,1,0,3,0,2,1,1,0.266667,0.263879,0.535,0.216425,137,1714
123,124,2,0,5,0,3,1,2,0.414167,0.40465,0.737083,0.328996,255,2378
441,442,1,1,3,0,6,0,2,0.514167,0.505046,0.755833,0.110704,3155,4681
520,521,2,1,6,0,1,1,1,0.5975,0.578283,0.487083,0.284833,1071,5927
74,75,1,0,3,0,3,1,2,0.365217,0.36693,0.776522,0.203117,321,1871
539,540,3,1,6,0,6,0,1,0.731667,0.652792,0.534583,0.179721,2657,4801
249,250,3,0,9,0,3,1,3,0.599167,0.544229,0.917083,0.0970208,118,1878
420,421,1,1,2,0,6,0,1,0.290833,0.255675,0.395833,0.421642,317,2415
150,151,2,0,5,0,2,1,1,0.775,0.725383,0.636667,0.111329,673,3309
239,240,3,0,8,0,0,0,1,0.707059,0.647959,0.561765,0.304659,1415,2919
640,641,4,1,10,0,2,1,3,0.590833,0.542333,0.871667,0.104475,315,4324
528,529,2,1,6,0,2,1,2,0.653333,0.597875,0.833333,0.214546,477,4495
321,322,4,0,11,0,5,1,1,0.274167,0.272721,0.41,0.168533,245,3147
612,613,3,1,9,0,2,1,1,0.725833,0.686888,0.755,0.236321,867,5997
256,257,3,0,9,0,3,1,1,0.673333,0.6269,0.697083,0.1673,647,4138
56,57,1,0,2,0,6,0,1,0.2825,0.282192,0.537917,0.186571,424,1545
264,265,3,0,9,0,4,1,2,0.628333,0.554963,0.902083,0.128125,555,4240
73,74,1,0,3,0,2,1,2,0.317391,0.318178,0.655652,0.184309,289,1767
479,480,2,1,4,0,2,1,1,0.413333,0.405283,0.454167,0.249383,518,5115
719,720,4,1,12,0,4,1,2,0.33,0.335217,0.667917,0.132463,314,3814
140,141,2,0,5,0,6,0,1,0.6025,0.571975,0.626667,0.12065,2258,3547
